E:\Work\Java\TransferLearning\finalSpecs\dbpedia-linkedgeodata-university/spec.xml	SourceProperty	http://www.w3.org/2003/01/geo/wgs84_pos#geometry
E:\Work\Java\TransferLearning\finalSpecs\dbpedia-linkedgeodata-university/spec.xml	SourceProperty	http://dbpedia.org/ontology/motto
E:\Work\Java\TransferLearning\finalSpecs\dbpedia-linkedgeodata-university/spec.xml	SourceProperty	http://www.w3.org/2002/07/owl#sameAs
E:\Work\Java\TransferLearning\finalSpecs\dbpedia-linkedgeodata-university/spec.xml	SourceProperty	http://xmlns.com/foaf/0.1/depiction
E:\Work\Java\TransferLearning\finalSpecs\dbpedia-linkedgeodata-university/spec.xml	SourceProperty	http://dbpedia.org/ontology/city
E:\Work\Java\TransferLearning\finalSpecs\dbpedia-linkedgeodata-university/spec.xml	SourceProperty	http://dbpedia.org/property/president
E:\Work\Java\TransferLearning\finalSpecs\dbpedia-linkedgeodata-university/spec.xml	SourceProperty	http://dbpedia.org/property/campus
E:\Work\Java\TransferLearning\finalSpecs\dbpedia-linkedgeodata-university/spec.xml	SourceProperty	http://www.w3.org/2000/01/rdf-schema#label
E:\Work\Java\TransferLearning\finalSpecs\dbpedia-linkedgeodata-university/spec.xml	SourceProperty	http://dbpedia.org/property/state
E:\Work\Java\TransferLearning\finalSpecs\dbpedia-linkedgeodata-university/spec.xml	SourceProperty	http://dbpedia.org/ontology/officialSchoolColour
E:\Work\Java\TransferLearning\finalSpecs\dbpedia-linkedgeodata-university/spec.xml	SourceProperty	http://purl.org/dc/terms/subject
E:\Work\Java\TransferLearning\finalSpecs\dbpedia-linkedgeodata-university/spec.xml	SourceProperty	http://xmlns.com/foaf/0.1/page
E:\Work\Java\TransferLearning\finalSpecs\dbpedia-linkedgeodata-university/spec.xml	SourceProperty	http://dbpedia.org/property/type
E:\Work\Java\TransferLearning\finalSpecs\dbpedia-linkedgeodata-university/spec.xml	SourceProperty	http://www.w3.org/2003/01/geo/wgs84_pos#long
E:\Work\Java\TransferLearning\finalSpecs\dbpedia-linkedgeodata-university/spec.xml	SourceProperty	http://dbpedia.org/property/wikiPageUsesTemplate
E:\Work\Java\TransferLearning\finalSpecs\dbpedia-linkedgeodata-university/spec.xml	SourceProperty	http://dbpedia.org/ontology/type
E:\Work\Java\TransferLearning\finalSpecs\dbpedia-linkedgeodata-university/spec.xml	SourceProperty	http://www.w3.org/1999/02/22-rdf-syntax-ns#type
E:\Work\Java\TransferLearning\finalSpecs\dbpedia-linkedgeodata-university/spec.xml	SourceProperty	http://dbpedia.org/ontology/thumbnail
E:\Work\Java\TransferLearning\finalSpecs\dbpedia-linkedgeodata-university/spec.xml	SourceProperty	http://xmlns.com/foaf/0.1/homepage
E:\Work\Java\TransferLearning\finalSpecs\dbpedia-linkedgeodata-university/spec.xml	SourceProperty	http://www.w3.org/2000/01/rdf-schema#comment
E:\Work\Java\TransferLearning\finalSpecs\dbpedia-linkedgeodata-university/spec.xml	SourceProperty	http://dbpedia.org/ontology/abstract
E:\Work\Java\TransferLearning\finalSpecs\dbpedia-linkedgeodata-university/spec.xml	SourceProperty	http://dbpedia.org/property/name
E:\Work\Java\TransferLearning\finalSpecs\dbpedia-linkedgeodata-university/spec.xml	SourceProperty	http://dbpedia.org/ontology/wikiPageExternalLink
E:\Work\Java\TransferLearning\finalSpecs\dbpedia-linkedgeodata-university/spec.xml	SourceProperty	http://dbpedia.org/ontology/state
E:\Work\Java\TransferLearning\finalSpecs\dbpedia-linkedgeodata-university/spec.xml	SourceProperty	http://dbpedia.org/property/city
E:\Work\Java\TransferLearning\finalSpecs\dbpedia-linkedgeodata-university/spec.xml	SourceProperty	http://xmlns.com/foaf/0.1/name
E:\Work\Java\TransferLearning\finalSpecs\dbpedia-linkedgeodata-university/spec.xml	SourceProperty	http://dbpedia.org/property/established
E:\Work\Java\TransferLearning\finalSpecs\dbpedia-linkedgeodata-university/spec.xml	SourceProperty	http://dbpedia.org/ontology/country
E:\Work\Java\TransferLearning\finalSpecs\dbpedia-linkedgeodata-university/spec.xml	SourceProperty	http://dbpedia.org/property/website
E:\Work\Java\TransferLearning\finalSpecs\dbpedia-linkedgeodata-university/spec.xml	SourceProperty	http://dbpedia.org/property/country
E:\Work\Java\TransferLearning\finalSpecs\dbpedia-linkedgeodata-university/spec.xml	SourceProperty	http://www.georss.org/georss/point
E:\Work\Java\TransferLearning\finalSpecs\dbpedia-linkedgeodata-university/spec.xml	SourceProperty	http://dbpedia.org/property/wordnet_type
E:\Work\Java\TransferLearning\finalSpecs\dbpedia-linkedgeodata-university/spec.xml	SourceProperty	http://dbpedia.org/property/undergrad
E:\Work\Java\TransferLearning\finalSpecs\dbpedia-linkedgeodata-university/spec.xml	SourceProperty	http://www.w3.org/2003/01/geo/wgs84_pos#lat
E:\Work\Java\TransferLearning\finalSpecs\dbpedia-linkedgeodata-university/spec.xml	TargetProperty	http://www.w3.org/2003/01/geo/wgs84_pos#geometry
E:\Work\Java\TransferLearning\finalSpecs\dbpedia-linkedgeodata-university/spec.xml	TargetProperty	http://www.w3.org/2003/01/geo/wgs84_pos#long
E:\Work\Java\TransferLearning\finalSpecs\dbpedia-linkedgeodata-university/spec.xml	TargetProperty	http://www.w3.org/1999/02/22-rdf-syntax-ns#type
E:\Work\Java\TransferLearning\finalSpecs\dbpedia-linkedgeodata-university/spec.xml	TargetProperty	http://linkedgeodata.org/ontology/contributor
E:\Work\Java\TransferLearning\finalSpecs\dbpedia-linkedgeodata-university/spec.xml	TargetProperty	http://www.w3.org/2000/01/rdf-schema#label
E:\Work\Java\TransferLearning\finalSpecs\dbpedia-linkedgeodata-university/spec.xml	TargetProperty	http://www.w3.org/2003/01/geo/wgs84_pos#lat
E:\Work\Java\TransferLearning\finalSpecs\dbpedia-linkedgeodata-university/spec.xml	TargetProperty	http://linkedgeodata.org/ontology/directType
E:\Work\Java\TransferLearning\finalSpecs\eventseer-dogfood-event/spec.xml	SourceProperty	http://www.w3.org/1999/02/22-rdf-syntax-ns#type
E:\Work\Java\TransferLearning\finalSpecs\eventseer-dogfood-event/spec.xml	SourceProperty	http://linkedevents.org/ontology/involvedAgent
E:\Work\Java\TransferLearning\finalSpecs\eventseer-dogfood-event/spec.xml	SourceProperty	http://www.w3.org/2000/01/rdf-schema#label
E:\Work\Java\TransferLearning\finalSpecs\eventseer-dogfood-event/spec.xml	SourceProperty	http://purl.org/dc/terms/subject
E:\Work\Java\TransferLearning\finalSpecs\eventseer-dogfood-event/spec.xml	TargetProperty	http://data.semanticweb.org/ns/swc/ontology#completeGraph
E:\Work\Java\TransferLearning\finalSpecs\eventseer-dogfood-event/spec.xml	TargetProperty	http://xmlns.com/foaf/0.1/based_near
E:\Work\Java\TransferLearning\finalSpecs\eventseer-dogfood-event/spec.xml	TargetProperty	http://www.w3.org/1999/02/22-rdf-syntax-ns#type
E:\Work\Java\TransferLearning\finalSpecs\eventseer-dogfood-event/spec.xml	TargetProperty	http://data.semanticweb.org/ns/swc/ontology#hasLogo
E:\Work\Java\TransferLearning\finalSpecs\eventseer-dogfood-event/spec.xml	TargetProperty	http://data.semanticweb.org/ns/swc/ontology#hasRelatedDocument
E:\Work\Java\TransferLearning\finalSpecs\eventseer-dogfood-event/spec.xml	TargetProperty	http://www.w3.org/2000/01/rdf-schema#label
E:\Work\Java\TransferLearning\finalSpecs\eventseer-dogfood-event/spec.xml	TargetProperty	http://data.semanticweb.org/ns/swc/ontology#hasRole
E:\Work\Java\TransferLearning\finalSpecs\eventseer-dogfood-event/spec.xml	TargetProperty	http://www.w3.org/2002/12/cal/ical#url
E:\Work\Java\TransferLearning\finalSpecs\eventseer-dogfood-event/spec.xml	TargetProperty	http://data.semanticweb.org/ns/swc/ontology#hasAcronym
E:\Work\Java\TransferLearning\finalSpecs\eventseer-dogfood-event/spec.xml	TargetProperty	http://data.semanticweb.org/ns/swc/ontology#isSuperEventOf
E:\Work\Java\TransferLearning\finalSpecs\euraxess-eures-country/spec.xml	SourceProperty	http://www.w3.org/2002/07/owl#sameAs
E:\Work\Java\TransferLearning\finalSpecs\euraxess-eures-country/spec.xml	SourceProperty	http://www4.wiwiss.fu-berlin.de/eures/resource/eures/countryCode
E:\Work\Java\TransferLearning\finalSpecs\euraxess-eures-country/spec.xml	SourceProperty	http://www.w3.org/1999/02/22-rdf-syntax-ns#type
E:\Work\Java\TransferLearning\finalSpecs\euraxess-eures-country/spec.xml	SourceProperty	http://www.w3.org/2000/01/rdf-schema#label
E:\Work\Java\TransferLearning\finalSpecs\euraxess-eures-country/spec.xml	TargetProperty	http://www.w3.org/1999/02/22-rdf-syntax-ns#type
E:\Work\Java\TransferLearning\finalSpecs\euraxess-eures-country/spec.xml	TargetProperty	http://www.w3.org/2000/01/rdf-schema#label
E:\Work\Java\TransferLearning\finalSpecs\dbpedia-linkedgeodata-airport/spec.xml	SourceProperty	http://dbpedia.org/ontology/runwayDesignation
E:\Work\Java\TransferLearning\finalSpecs\dbpedia-linkedgeodata-airport/spec.xml	SourceProperty	http://www.w3.org/2003/01/geo/wgs84_pos#geometry
E:\Work\Java\TransferLearning\finalSpecs\dbpedia-linkedgeodata-airport/spec.xml	SourceProperty	http://dbpedia.org/property/iata
E:\Work\Java\TransferLearning\finalSpecs\dbpedia-linkedgeodata-airport/spec.xml	SourceProperty	http://www.w3.org/2002/07/owl#sameAs
E:\Work\Java\TransferLearning\finalSpecs\dbpedia-linkedgeodata-airport/spec.xml	SourceProperty	http://dbpedia.org/property/r1Surface
E:\Work\Java\TransferLearning\finalSpecs\dbpedia-linkedgeodata-airport/spec.xml	SourceProperty	http://xmlns.com/foaf/0.1/depiction
E:\Work\Java\TransferLearning\finalSpecs\dbpedia-linkedgeodata-airport/spec.xml	SourceProperty	http://dbpedia.org/property/elevationM
E:\Work\Java\TransferLearning\finalSpecs\dbpedia-linkedgeodata-airport/spec.xml	SourceProperty	http://dbpedia.org/ontology/runwayLength
E:\Work\Java\TransferLearning\finalSpecs\dbpedia-linkedgeodata-airport/spec.xml	SourceProperty	http://www.w3.org/2000/01/rdf-schema#label
E:\Work\Java\TransferLearning\finalSpecs\dbpedia-linkedgeodata-airport/spec.xml	SourceProperty	http://dbpedia.org/ontology/runwaySurface
E:\Work\Java\TransferLearning\finalSpecs\dbpedia-linkedgeodata-airport/spec.xml	SourceProperty	http://dbpedia.org/property/elevationF
E:\Work\Java\TransferLearning\finalSpecs\dbpedia-linkedgeodata-airport/spec.xml	SourceProperty	http://dbpedia.org/ontology/iataLocationIdentifier
E:\Work\Java\TransferLearning\finalSpecs\dbpedia-linkedgeodata-airport/spec.xml	SourceProperty	http://purl.org/dc/terms/subject
E:\Work\Java\TransferLearning\finalSpecs\dbpedia-linkedgeodata-airport/spec.xml	SourceProperty	http://xmlns.com/foaf/0.1/page
E:\Work\Java\TransferLearning\finalSpecs\dbpedia-linkedgeodata-airport/spec.xml	SourceProperty	http://dbpedia.org/property/type
E:\Work\Java\TransferLearning\finalSpecs\dbpedia-linkedgeodata-airport/spec.xml	SourceProperty	http://www.w3.org/2003/01/geo/wgs84_pos#long
E:\Work\Java\TransferLearning\finalSpecs\dbpedia-linkedgeodata-airport/spec.xml	SourceProperty	http://dbpedia.org/property/wikiPageUsesTemplate
E:\Work\Java\TransferLearning\finalSpecs\dbpedia-linkedgeodata-airport/spec.xml	SourceProperty	http://www.w3.org/1999/02/22-rdf-syntax-ns#type
E:\Work\Java\TransferLearning\finalSpecs\dbpedia-linkedgeodata-airport/spec.xml	SourceProperty	http://dbpedia.org/property/operator
E:\Work\Java\TransferLearning\finalSpecs\dbpedia-linkedgeodata-airport/spec.xml	SourceProperty	http://dbpedia.org/property/location
E:\Work\Java\TransferLearning\finalSpecs\dbpedia-linkedgeodata-airport/spec.xml	SourceProperty	http://dbpedia.org/ontology/thumbnail
E:\Work\Java\TransferLearning\finalSpecs\dbpedia-linkedgeodata-airport/spec.xml	SourceProperty	http://dbpedia.org/property/r1Number
E:\Work\Java\TransferLearning\finalSpecs\dbpedia-linkedgeodata-airport/spec.xml	SourceProperty	http://www.w3.org/2000/01/rdf-schema#comment
E:\Work\Java\TransferLearning\finalSpecs\dbpedia-linkedgeodata-airport/spec.xml	SourceProperty	http://dbpedia.org/property/icao
E:\Work\Java\TransferLearning\finalSpecs\dbpedia-linkedgeodata-airport/spec.xml	SourceProperty	http://dbpedia.org/ontology/abstract
E:\Work\Java\TransferLearning\finalSpecs\dbpedia-linkedgeodata-airport/spec.xml	SourceProperty	http://dbpedia.org/property/name
E:\Work\Java\TransferLearning\finalSpecs\dbpedia-linkedgeodata-airport/spec.xml	SourceProperty	http://dbpedia.org/property/r1LengthM
E:\Work\Java\TransferLearning\finalSpecs\dbpedia-linkedgeodata-airport/spec.xml	SourceProperty	http://dbpedia.org/ontology/wikiPageExternalLink
E:\Work\Java\TransferLearning\finalSpecs\dbpedia-linkedgeodata-airport/spec.xml	SourceProperty	http://dbpedia.org/ontology/icaoLocationIdentifier
E:\Work\Java\TransferLearning\finalSpecs\dbpedia-linkedgeodata-airport/spec.xml	SourceProperty	http://xmlns.com/foaf/0.1/name
E:\Work\Java\TransferLearning\finalSpecs\dbpedia-linkedgeodata-airport/spec.xml	SourceProperty	http://dbpedia.org/ontology/location
E:\Work\Java\TransferLearning\finalSpecs\dbpedia-linkedgeodata-airport/spec.xml	SourceProperty	http://dbpedia.org/property/footnotes
E:\Work\Java\TransferLearning\finalSpecs\dbpedia-linkedgeodata-airport/spec.xml	SourceProperty	http://www.georss.org/georss/point
E:\Work\Java\TransferLearning\finalSpecs\dbpedia-linkedgeodata-airport/spec.xml	SourceProperty	http://dbpedia.org/ontology/elevation
E:\Work\Java\TransferLearning\finalSpecs\dbpedia-linkedgeodata-airport/spec.xml	SourceProperty	http://dbpedia.org/property/r1LengthF
E:\Work\Java\TransferLearning\finalSpecs\dbpedia-linkedgeodata-airport/spec.xml	SourceProperty	http://www.w3.org/2003/01/geo/wgs84_pos#lat
E:\Work\Java\TransferLearning\finalSpecs\dbpedia-linkedgeodata-airport/spec.xml	TargetProperty	http://www.w3.org/2003/01/geo/wgs84_pos#geometry
E:\Work\Java\TransferLearning\finalSpecs\dbpedia-linkedgeodata-airport/spec.xml	TargetProperty	http://www.w3.org/2002/07/owl#sameAs
E:\Work\Java\TransferLearning\finalSpecs\dbpedia-linkedgeodata-airport/spec.xml	TargetProperty	http://www.w3.org/2003/01/geo/wgs84_pos#long
E:\Work\Java\TransferLearning\finalSpecs\dbpedia-linkedgeodata-airport/spec.xml	TargetProperty	http://linkedgeodata.org/property/type
E:\Work\Java\TransferLearning\finalSpecs\dbpedia-linkedgeodata-airport/spec.xml	TargetProperty	http://www.w3.org/1999/02/22-rdf-syntax-ns#type
E:\Work\Java\TransferLearning\finalSpecs\dbpedia-linkedgeodata-airport/spec.xml	TargetProperty	http://linkedgeodata.org/ontology/contributor
E:\Work\Java\TransferLearning\finalSpecs\dbpedia-linkedgeodata-airport/spec.xml	TargetProperty	http://linkedgeodata.org/property/is_in
E:\Work\Java\TransferLearning\finalSpecs\dbpedia-linkedgeodata-airport/spec.xml	TargetProperty	http://www.w3.org/2000/01/rdf-schema#label
E:\Work\Java\TransferLearning\finalSpecs\dbpedia-linkedgeodata-airport/spec.xml	TargetProperty	http://www.w3.org/2003/01/geo/wgs84_pos#lat
E:\Work\Java\TransferLearning\finalSpecs\dbpedia-linkedgeodata-airport/spec.xml	TargetProperty	http://linkedgeodata.org/ontology/directType
E:\Work\Java\TransferLearning\finalSpecs\dbpedia-linkedgeodata-airport/spec.xml	TargetProperty	http://linkedgeodata.org/property/iata
E:\Work\Java\TransferLearning\finalSpecs\dbpedia-linkedgeodata-airport/spec.xml	TargetProperty	http://linkedgeodata.org/property/icao
E:\Work\Java\TransferLearning\finalSpecs\dblp-datasemanticweb-researcher/spec.xml	SourceProperty	http://xmlns.com/foaf/0.1/made
E:\Work\Java\TransferLearning\finalSpecs\dblp-datasemanticweb-researcher/spec.xml	SourceProperty	http://www.w3.org/2000/01/rdf-schema#seeAlso
E:\Work\Java\TransferLearning\finalSpecs\dblp-datasemanticweb-researcher/spec.xml	SourceProperty	http://www.w3.org/2002/07/owl#sameAs
E:\Work\Java\TransferLearning\finalSpecs\dblp-datasemanticweb-researcher/spec.xml	SourceProperty	http://swrc.ontoware.org/ontology#affiliation
E:\Work\Java\TransferLearning\finalSpecs\dblp-datasemanticweb-researcher/spec.xml	SourceProperty	http://www.w3.org/1999/02/22-rdf-syntax-ns#type
E:\Work\Java\TransferLearning\finalSpecs\dblp-datasemanticweb-researcher/spec.xml	SourceProperty	http://xmlns.com/foaf/0.1/mbox_sha1sum
E:\Work\Java\TransferLearning\finalSpecs\dblp-datasemanticweb-researcher/spec.xml	SourceProperty	http://www.w3.org/2000/01/rdf-schema#label
E:\Work\Java\TransferLearning\finalSpecs\dblp-datasemanticweb-researcher/spec.xml	SourceProperty	http://xmlns.com/foaf/0.1/name
E:\Work\Java\TransferLearning\finalSpecs\dblp-datasemanticweb-researcher/spec.xml	SourceProperty	http://xmlns.com/foaf/0.1/page
E:\Work\Java\TransferLearning\finalSpecs\dblp-datasemanticweb-researcher/spec.xml	TargetProperty	http://www.w3.org/2000/01/rdf-schema#seeAlso
E:\Work\Java\TransferLearning\finalSpecs\dblp-datasemanticweb-researcher/spec.xml	TargetProperty	http://www.w3.org/1999/02/22-rdf-syntax-ns#type
E:\Work\Java\TransferLearning\finalSpecs\dblp-datasemanticweb-researcher/spec.xml	TargetProperty	http://xmlns.com/foaf/0.1/name
E:\Work\Java\TransferLearning\finalSpecs\dblp-datasemanticweb-researcher/spec.xml	TargetProperty	http://www.w3.org/2000/01/rdf-schema#label
E:\Work\Java\TransferLearning\finalSpecs\stad-rmon-person/spec.xml	SourceProperty	http://www.w3.org/1999/02/22-rdf-syntax-ns#type
E:\Work\Java\TransferLearning\finalSpecs\stad-rmon-person/spec.xml	SourceProperty	http://xmlns.com/foaf/0.1/name
E:\Work\Java\TransferLearning\finalSpecs\stad-rmon-person/spec.xml	TargetProperty	http://www.w3.org/1999/02/22-rdf-syntax-ns#type
E:\Work\Java\TransferLearning\finalSpecs\stad-rmon-person/spec.xml	TargetProperty	http://www.w3.org/2000/01/rdf-schema#label
E:\Work\Java\TransferLearning\finalSpecs\eventseer-dogfood-person/spec.xml	SourceProperty	http://xmlns.com/foaf/0.1/topic_interest
E:\Work\Java\TransferLearning\finalSpecs\eventseer-dogfood-person/spec.xml	SourceProperty	http://xmlns.com/foaf/0.1/knows
E:\Work\Java\TransferLearning\finalSpecs\eventseer-dogfood-person/spec.xml	SourceProperty	http://www.w3.org/1999/02/22-rdf-syntax-ns#type
E:\Work\Java\TransferLearning\finalSpecs\eventseer-dogfood-person/spec.xml	SourceProperty	http://xmlns.com/foaf/0.1/name
E:\Work\Java\TransferLearning\finalSpecs\eventseer-dogfood-person/spec.xml	TargetProperty	http://xmlns.com/foaf/0.1/made
E:\Work\Java\TransferLearning\finalSpecs\eventseer-dogfood-person/spec.xml	TargetProperty	http://www.w3.org/2000/01/rdf-schema#seeAlso
E:\Work\Java\TransferLearning\finalSpecs\eventseer-dogfood-person/spec.xml	TargetProperty	http://www.w3.org/2002/07/owl#sameAs
E:\Work\Java\TransferLearning\finalSpecs\eventseer-dogfood-person/spec.xml	TargetProperty	http://swrc.ontoware.org/ontology#affiliation
E:\Work\Java\TransferLearning\finalSpecs\eventseer-dogfood-person/spec.xml	TargetProperty	http://www.w3.org/1999/02/22-rdf-syntax-ns#type
E:\Work\Java\TransferLearning\finalSpecs\eventseer-dogfood-person/spec.xml	TargetProperty	http://xmlns.com/foaf/0.1/mbox_sha1sum
E:\Work\Java\TransferLearning\finalSpecs\eventseer-dogfood-person/spec.xml	TargetProperty	http://www.w3.org/2000/01/rdf-schema#label
E:\Work\Java\TransferLearning\finalSpecs\eventseer-dogfood-person/spec.xml	TargetProperty	http://xmlns.com/foaf/0.1/name
E:\Work\Java\TransferLearning\finalSpecs\eventseer-dogfood-person/spec.xml	TargetProperty	http://xmlns.com/foaf/0.1/page
E:\Work\Java\TransferLearning\finalSpecs\eventseer-dblp_l3s-person/spec.xml	SourceProperty	http://xmlns.com/foaf/0.1/topic_interest
E:\Work\Java\TransferLearning\finalSpecs\eventseer-dblp_l3s-person/spec.xml	SourceProperty	http://xmlns.com/foaf/0.1/knows
E:\Work\Java\TransferLearning\finalSpecs\eventseer-dblp_l3s-person/spec.xml	SourceProperty	http://www.w3.org/1999/02/22-rdf-syntax-ns#type
E:\Work\Java\TransferLearning\finalSpecs\eventseer-dblp_l3s-person/spec.xml	SourceProperty	http://xmlns.com/foaf/0.1/name
E:\Work\Java\TransferLearning\finalSpecs\eventseer-dblp_l3s-person/spec.xml	TargetProperty	http://www.w3.org/2000/01/rdf-schema#seeAlso
E:\Work\Java\TransferLearning\finalSpecs\eventseer-dblp_l3s-person/spec.xml	TargetProperty	http://www.w3.org/1999/02/22-rdf-syntax-ns#type
E:\Work\Java\TransferLearning\finalSpecs\eventseer-dblp_l3s-person/spec.xml	TargetProperty	http://xmlns.com/foaf/0.1/name
E:\Work\Java\TransferLearning\finalSpecs\eventseer-dblp_l3s-person/spec.xml	TargetProperty	http://www.w3.org/2000/01/rdf-schema#label
E:\Work\Java\TransferLearning\finalSpecs\dbpedia-openei-country/spec.xml	SourceProperty	http://dbpedia.org/property/utcOffset
E:\Work\Java\TransferLearning\finalSpecs\dbpedia-openei-country/spec.xml	SourceProperty	http://dbpedia.org/property/nationalAnthem
E:\Work\Java\TransferLearning\finalSpecs\dbpedia-openei-country/spec.xml	SourceProperty	http://dbpedia.org/property/currency
E:\Work\Java\TransferLearning\finalSpecs\dbpedia-openei-country/spec.xml	SourceProperty	http://xmlns.com/foaf/0.1/depiction
E:\Work\Java\TransferLearning\finalSpecs\dbpedia-openei-country/spec.xml	SourceProperty	http://dbpedia.org/ontology/currency
E:\Work\Java\TransferLearning\finalSpecs\dbpedia-openei-country/spec.xml	SourceProperty	http://dbpedia.org/property/latm
E:\Work\Java\TransferLearning\finalSpecs\dbpedia-openei-country/spec.xml	SourceProperty	http://dbpedia.org/ontology/foundingDate
E:\Work\Java\TransferLearning\finalSpecs\dbpedia-openei-country/spec.xml	SourceProperty	http://www.w3.org/2000/01/rdf-schema#label
E:\Work\Java\TransferLearning\finalSpecs\dbpedia-openei-country/spec.xml	SourceProperty	http://dbpedia.org/property/nativeName
E:\Work\Java\TransferLearning\finalSpecs\dbpedia-openei-country/spec.xml	SourceProperty	http://dbpedia.org/property/officialLanguages
E:\Work\Java\TransferLearning\finalSpecs\dbpedia-openei-country/spec.xml	SourceProperty	http://xmlns.com/foaf/0.1/page
E:\Work\Java\TransferLearning\finalSpecs\dbpedia-openei-country/spec.xml	SourceProperty	http://dbpedia.org/ontology/demonym
E:\Work\Java\TransferLearning\finalSpecs\dbpedia-openei-country/spec.xml	SourceProperty	http://dbpedia.org/resource/Template:Infobox_country
E:\Work\Java\TransferLearning\finalSpecs\dbpedia-openei-country/spec.xml	SourceProperty	http://dbpedia.org/property/wikiPageUsesTemplate
E:\Work\Java\TransferLearning\finalSpecs\dbpedia-openei-country/spec.xml	SourceProperty	http://dbpedia.org/property/demonym
E:\Work\Java\TransferLearning\finalSpecs\dbpedia-openei-country/spec.xml	SourceProperty	http://dbpedia.org/property/cctld
E:\Work\Java\TransferLearning\finalSpecs\dbpedia-openei-country/spec.xml	SourceProperty	http://dbpedia.org/property/commonName
E:\Work\Java\TransferLearning\finalSpecs\dbpedia-openei-country/spec.xml	SourceProperty	http://dbpedia.org/ontology/anthem
E:\Work\Java\TransferLearning\finalSpecs\dbpedia-openei-country/spec.xml	SourceProperty	http://dbpedia.org/ontology/longName
E:\Work\Java\TransferLearning\finalSpecs\dbpedia-openei-country/spec.xml	SourceProperty	http://dbpedia.org/property/leaderName
E:\Work\Java\TransferLearning\finalSpecs\dbpedia-openei-country/spec.xml	SourceProperty	http://dbpedia.org/property/longew
E:\Work\Java\TransferLearning\finalSpecs\dbpedia-openei-country/spec.xml	SourceProperty	http://dbpedia.org/property/establishedEvent
E:\Work\Java\TransferLearning\finalSpecs\dbpedia-openei-country/spec.xml	SourceProperty	http://dbpedia.org/ontology/abstract
E:\Work\Java\TransferLearning\finalSpecs\dbpedia-openei-country/spec.xml	SourceProperty	http://dbpedia.org/property/drivesOn
E:\Work\Java\TransferLearning\finalSpecs\dbpedia-openei-country/spec.xml	SourceProperty	http://dbpedia.org/property/longd
E:\Work\Java\TransferLearning\finalSpecs\dbpedia-openei-country/spec.xml	SourceProperty	http://dbpedia.org/property/populationDensityRank
E:\Work\Java\TransferLearning\finalSpecs\dbpedia-openei-country/spec.xml	SourceProperty	http://xmlns.com/foaf/0.1/name
E:\Work\Java\TransferLearning\finalSpecs\dbpedia-openei-country/spec.xml	SourceProperty	http://dbpedia.org/property/establishedDate
E:\Work\Java\TransferLearning\finalSpecs\dbpedia-openei-country/spec.xml	SourceProperty	http://dbpedia.org/property/longm
E:\Work\Java\TransferLearning\finalSpecs\dbpedia-openei-country/spec.xml	SourceProperty	http://dbpedia.org/property/latns
E:\Work\Java\TransferLearning\finalSpecs\dbpedia-openei-country/spec.xml	SourceProperty	http://dbpedia.org/ontology/PopulatedPlace/populationDensity
E:\Work\Java\TransferLearning\finalSpecs\dbpedia-openei-country/spec.xml	SourceProperty	http://dbpedia.org/property/latd
E:\Work\Java\TransferLearning\finalSpecs\dbpedia-openei-country/spec.xml	SourceProperty	http://dbpedia.org/property/imageCoat
E:\Work\Java\TransferLearning\finalSpecs\dbpedia-openei-country/spec.xml	SourceProperty	http://dbpedia.org/property/conventionalLongName
E:\Work\Java\TransferLearning\finalSpecs\dbpedia-openei-country/spec.xml	SourceProperty	http://dbpedia.org/ontology/officialLanguage
E:\Work\Java\TransferLearning\finalSpecs\dbpedia-openei-country/spec.xml	SourceProperty	http://dbpedia.org/property/areaSqMi
E:\Work\Java\TransferLearning\finalSpecs\dbpedia-openei-country/spec.xml	SourceProperty	http://dbpedia.org/ontology/governmentType
E:\Work\Java\TransferLearning\finalSpecs\dbpedia-openei-country/spec.xml	SourceProperty	http://dbpedia.org/property/populationDensitySqMi
E:\Work\Java\TransferLearning\finalSpecs\dbpedia-openei-country/spec.xml	SourceProperty	http://www.w3.org/2003/01/geo/wgs84_pos#lat
E:\Work\Java\TransferLearning\finalSpecs\dbpedia-openei-country/spec.xml	SourceProperty	http://dbpedia.org/property/governmentType
E:\Work\Java\TransferLearning\finalSpecs\dbpedia-openei-country/spec.xml	SourceProperty	http://dbpedia.org/property/gdpPppPerCapita
E:\Work\Java\TransferLearning\finalSpecs\dbpedia-openei-country/spec.xml	SourceProperty	http://www.w3.org/2002/07/owl#sameAs
E:\Work\Java\TransferLearning\finalSpecs\dbpedia-openei-country/spec.xml	SourceProperty	http://dbpedia.org/property/populationDensityKm
E:\Work\Java\TransferLearning\finalSpecs\dbpedia-openei-country/spec.xml	SourceProperty	http://dbpedia.org/ontology/leaderName
E:\Work\Java\TransferLearning\finalSpecs\dbpedia-openei-country/spec.xml	SourceProperty	http://dbpedia.org/property/largestCity
E:\Work\Java\TransferLearning\finalSpecs\dbpedia-openei-country/spec.xml	SourceProperty	http://purl.org/dc/terms/subject
E:\Work\Java\TransferLearning\finalSpecs\dbpedia-openei-country/spec.xml	SourceProperty	http://dbpedia.org/ontology/leaderTitle
E:\Work\Java\TransferLearning\finalSpecs\dbpedia-openei-country/spec.xml	SourceProperty	http://dbpedia.org/property/currencyCode
E:\Work\Java\TransferLearning\finalSpecs\dbpedia-openei-country/spec.xml	SourceProperty	http://www.w3.org/2003/01/geo/wgs84_pos#long
E:\Work\Java\TransferLearning\finalSpecs\dbpedia-openei-country/spec.xml	SourceProperty	http://dbpedia.org/property/leaderTitle
E:\Work\Java\TransferLearning\finalSpecs\dbpedia-openei-country/spec.xml	SourceProperty	http://dbpedia.org/ontology/populationDensity
E:\Work\Java\TransferLearning\finalSpecs\dbpedia-openei-country/spec.xml	SourceProperty	http://www.w3.org/1999/02/22-rdf-syntax-ns#type
E:\Work\Java\TransferLearning\finalSpecs\dbpedia-openei-country/spec.xml	SourceProperty	http://dbpedia.org/ontology/thumbnail
E:\Work\Java\TransferLearning\finalSpecs\dbpedia-openei-country/spec.xml	SourceProperty	http://www.w3.org/2000/01/rdf-schema#comment
E:\Work\Java\TransferLearning\finalSpecs\dbpedia-openei-country/spec.xml	SourceProperty	http://dbpedia.org/property/callingCode
E:\Work\Java\TransferLearning\finalSpecs\dbpedia-openei-country/spec.xml	SourceProperty	http://dbpedia.org/property/legislature
E:\Work\Java\TransferLearning\finalSpecs\dbpedia-openei-country/spec.xml	SourceProperty	http://dbpedia.org/property/capital
E:\Work\Java\TransferLearning\finalSpecs\dbpedia-openei-country/spec.xml	SourceProperty	http://dbpedia.org/ontology/language
E:\Work\Java\TransferLearning\finalSpecs\dbpedia-openei-country/spec.xml	SourceProperty	http://dbpedia.org/property/areaKm
E:\Work\Java\TransferLearning\finalSpecs\dbpedia-openei-country/spec.xml	SourceProperty	http://dbpedia.org/ontology/wikiPageExternalLink
E:\Work\Java\TransferLearning\finalSpecs\dbpedia-openei-country/spec.xml	SourceProperty	http://dbpedia.org/property/imageMap
E:\Work\Java\TransferLearning\finalSpecs\dbpedia-openei-country/spec.xml	SourceProperty	http://dbpedia.org/ontology/capital
E:\Work\Java\TransferLearning\finalSpecs\dbpedia-openei-country/spec.xml	SourceProperty	http://dbpedia.org/property/hasPhotoCollection
E:\Work\Java\TransferLearning\finalSpecs\dbpedia-openei-country/spec.xml	SourceProperty	http://dbpedia.org/property/imageFlag
E:\Work\Java\TransferLearning\finalSpecs\dbpedia-openei-country/spec.xml	SourceProperty	http://dbpedia.org/ontology/PopulatedPlace/areaTotal
E:\Work\Java\TransferLearning\finalSpecs\dbpedia-openei-country/spec.xml	SourceProperty	http://dbpedia.org/property/areaRank
E:\Work\Java\TransferLearning\finalSpecs\dbpedia-openei-country/spec.xml	SourceProperty	http://dbpedia.org/property/sovereigntyType
E:\Work\Java\TransferLearning\finalSpecs\dbpedia-openei-country/spec.xml	SourceProperty	http://www.georss.org/georss/point
E:\Work\Java\TransferLearning\finalSpecs\dbpedia-openei-country/spec.xml	SourceProperty	http://dbpedia.org/ontology/areaTotal
E:\Work\Java\TransferLearning\finalSpecs\dbpedia-openei-country/spec.xml	SourceProperty	http://dbpedia.org/property/title
E:\Work\Java\TransferLearning\finalSpecs\dbpedia-openei-country/spec.xml	TargetProperty	http://semantic-mediawiki.org/swivt/1.0#wikiPageModificationDate
E:\Work\Java\TransferLearning\finalSpecs\dbpedia-openei-country/spec.xml	TargetProperty	http://openei.org/resources/Property-3AUNRegion
E:\Work\Java\TransferLearning\finalSpecs\dbpedia-openei-country/spec.xml	TargetProperty	http://openei.org/resources/Property-3ACoordinates
E:\Work\Java\TransferLearning\finalSpecs\dbpedia-openei-country/spec.xml	TargetProperty	http://openei.org/resources/Property-3ANumberOfLowCarbonPrograms
E:\Work\Java\TransferLearning\finalSpecs\dbpedia-openei-country/spec.xml	TargetProperty	http://www.w3.org/2000/01/rdf-schema#label
E:\Work\Java\TransferLearning\finalSpecs\dbpedia-openei-country/spec.xml	TargetProperty	http://openei.org/resources/Property-3AOpenEI-2FPageDescription
E:\Work\Java\TransferLearning\finalSpecs\dbpedia-openei-country/spec.xml	TargetProperty	http://openei.org/resources/Property-3ANumberOfCLEANPrograms
E:\Work\Java\TransferLearning\finalSpecs\dbpedia-openei-country/spec.xml	TargetProperty	http://semantic-mediawiki.org/swivt/1.0#page
E:\Work\Java\TransferLearning\finalSpecs\dbpedia-openei-country/spec.xml	TargetProperty	http://openei.org/resources/Property-3ANumberOfDOELabPrograms
E:\Work\Java\TransferLearning\finalSpecs\dbpedia-openei-country/spec.xml	TargetProperty	http://www.w3.org/1999/02/22-rdf-syntax-ns#type
E:\Work\Java\TransferLearning\finalSpecs\dbpedia-openei-country/spec.xml	TargetProperty	http://openei.org/resources/Property-3APartOf
E:\Work\Java\TransferLearning\finalSpecs\dbpedia-openei-country/spec.xml	TargetProperty	http://openei.org/resources/Property-3AIso3166Alpha3
E:\Work\Java\TransferLearning\finalSpecs\dbpedia-openei-country/spec.xml	TargetProperty	http://openei.org/resources/Property-3AAdvancedEconomy
E:\Work\Java\TransferLearning\finalSpecs\dbpedia-openei-country/spec.xml	TargetProperty	http://openei.org/resources/Property-3AIso3166Alpha2
E:\Work\Java\TransferLearning\finalSpecs\dbpedia-openei-country/spec.xml	TargetProperty	http://openei.org/resources/Property-3ANumberOfResourceAssessmentsLand
E:\Work\Java\TransferLearning\finalSpecs\dbpedia-openei-country/spec.xml	TargetProperty	http://openei.org/resources/Property-3AOpenEI-2FPageKeyword
E:\Work\Java\TransferLearning\finalSpecs\dbpedia-openei-country/spec.xml	TargetProperty	http://www.w3.org/2000/01/rdf-schema#isDefinedBy
E:\Work\Java\TransferLearning\finalSpecs\dbpedia-openei-country/spec.xml	TargetProperty	http://openei.org/resources/Property-3AKML_XPath
E:\Work\Java\TransferLearning\finalSpecs\dbpedia-openei-country/spec.xml	TargetProperty	http://openei.org/resources/Property-3AName
E:\Work\Java\TransferLearning\finalSpecs\dbpedia-openei-country/spec.xml	TargetProperty	http://openei.org/resources/Property-3ANumberOfLowCarbonPlanningPrograms
E:\Work\Java\TransferLearning\finalSpecs\dbpedia-openei-country/spec.xml	TargetProperty	http://openei.org/resources/Property-3AIso3166Numeric
E:\Work\Java\TransferLearning\finalSpecs\dbpedia-openei-country/spec.xml	TargetProperty	http://openei.org/resources/Property-3ANumberOfSolarResources
E:\Work\Java\TransferLearning\finalSpecs\dbpedia-openei-country/spec.xml	TargetProperty	http://openei.org/resources/Property-3AKML_URL
E:\Work\Java\TransferLearning\finalSpecs\dbpedia-openei-country/spec.xml	TargetProperty	http://openei.org/resources/Property-3ANumberOfPrograms
E:\Work\Java\TransferLearning\finalSpecs\dbpedia-openei-country/spec.xml	TargetProperty	http://openei.org/resources/Property-3ANumberOfResourceAssessmentsEnergy
E:\Work\Java\TransferLearning\finalSpecs\dbpedia-openei-country/spec.xml	TargetProperty	http://semantic-mediawiki.org/swivt/1.0#wikiNamespace
E:\Work\Java\TransferLearning\finalSpecs\dbpedia-gutendata-texts/spec.xml	SourceProperty	http://dbpedia.org/property/pages
E:\Work\Java\TransferLearning\finalSpecs\dbpedia-gutendata-texts/spec.xml	SourceProperty	http://dbpedia.org/ontology/mediaType
E:\Work\Java\TransferLearning\finalSpecs\dbpedia-gutendata-texts/spec.xml	SourceProperty	http://dbpedia.org/property/mediaType
E:\Work\Java\TransferLearning\finalSpecs\dbpedia-gutendata-texts/spec.xml	SourceProperty	http://www.w3.org/2002/07/owl#sameAs
E:\Work\Java\TransferLearning\finalSpecs\dbpedia-gutendata-texts/spec.xml	SourceProperty	http://xmlns.com/foaf/0.1/depiction
E:\Work\Java\TransferLearning\finalSpecs\dbpedia-gutendata-texts/spec.xml	SourceProperty	http://dbpedia.org/property/language
E:\Work\Java\TransferLearning\finalSpecs\dbpedia-gutendata-texts/spec.xml	SourceProperty	http://www.w3.org/2000/01/rdf-schema#label
E:\Work\Java\TransferLearning\finalSpecs\dbpedia-gutendata-texts/spec.xml	SourceProperty	http://dbpedia.org/property/imageCaption
E:\Work\Java\TransferLearning\finalSpecs\dbpedia-gutendata-texts/spec.xml	SourceProperty	http://purl.org/dc/terms/subject
E:\Work\Java\TransferLearning\finalSpecs\dbpedia-gutendata-texts/spec.xml	SourceProperty	http://xmlns.com/foaf/0.1/page
E:\Work\Java\TransferLearning\finalSpecs\dbpedia-gutendata-texts/spec.xml	SourceProperty	http://dbpedia.org/property/wikiPageUsesTemplate
E:\Work\Java\TransferLearning\finalSpecs\dbpedia-gutendata-texts/spec.xml	SourceProperty	http://www.w3.org/1999/02/22-rdf-syntax-ns#type
E:\Work\Java\TransferLearning\finalSpecs\dbpedia-gutendata-texts/spec.xml	SourceProperty	http://dbpedia.org/ontology/thumbnail
E:\Work\Java\TransferLearning\finalSpecs\dbpedia-gutendata-texts/spec.xml	SourceProperty	http://www.w3.org/2000/01/rdf-schema#comment
E:\Work\Java\TransferLearning\finalSpecs\dbpedia-gutendata-texts/spec.xml	SourceProperty	http://dbpedia.org/ontology/numberOfPages
E:\Work\Java\TransferLearning\finalSpecs\dbpedia-gutendata-texts/spec.xml	SourceProperty	http://dbpedia.org/ontology/isbn
E:\Work\Java\TransferLearning\finalSpecs\dbpedia-gutendata-texts/spec.xml	SourceProperty	http://dbpedia.org/ontology/abstract
E:\Work\Java\TransferLearning\finalSpecs\dbpedia-gutendata-texts/spec.xml	SourceProperty	http://dbpedia.org/property/name
E:\Work\Java\TransferLearning\finalSpecs\dbpedia-gutendata-texts/spec.xml	SourceProperty	http://dbpedia.org/ontology/language
E:\Work\Java\TransferLearning\finalSpecs\dbpedia-gutendata-texts/spec.xml	SourceProperty	http://dbpedia.org/ontology/publisher
E:\Work\Java\TransferLearning\finalSpecs\dbpedia-gutendata-texts/spec.xml	SourceProperty	http://dbpedia.org/ontology/wikiPageExternalLink
E:\Work\Java\TransferLearning\finalSpecs\dbpedia-gutendata-texts/spec.xml	SourceProperty	http://dbpedia.org/property/releaseDate
E:\Work\Java\TransferLearning\finalSpecs\dbpedia-gutendata-texts/spec.xml	SourceProperty	http://dbpedia.org/property/publisher
E:\Work\Java\TransferLearning\finalSpecs\dbpedia-gutendata-texts/spec.xml	SourceProperty	http://xmlns.com/foaf/0.1/name
E:\Work\Java\TransferLearning\finalSpecs\dbpedia-gutendata-texts/spec.xml	SourceProperty	http://dbpedia.org/property/author
E:\Work\Java\TransferLearning\finalSpecs\dbpedia-gutendata-texts/spec.xml	SourceProperty	http://dbpedia.org/ontology/country
E:\Work\Java\TransferLearning\finalSpecs\dbpedia-gutendata-texts/spec.xml	SourceProperty	http://dbpedia.org/property/genre
E:\Work\Java\TransferLearning\finalSpecs\dbpedia-gutendata-texts/spec.xml	SourceProperty	http://dbpedia.org/property/country
E:\Work\Java\TransferLearning\finalSpecs\dbpedia-gutendata-texts/spec.xml	SourceProperty	http://dbpedia.org/ontology/literaryGenre
E:\Work\Java\TransferLearning\finalSpecs\dbpedia-gutendata-texts/spec.xml	SourceProperty	http://dbpedia.org/ontology/author
E:\Work\Java\TransferLearning\finalSpecs\dbpedia-gutendata-texts/spec.xml	SourceProperty	http://dbpedia.org/property/isbn
E:\Work\Java\TransferLearning\finalSpecs\dbpedia-gutendata-texts/spec.xml	TargetProperty	http://purl.org/dc/elements/1.1/publisher
E:\Work\Java\TransferLearning\finalSpecs\dbpedia-gutendata-texts/spec.xml	TargetProperty	http://purl.org/dc/elements/1.1/rights
E:\Work\Java\TransferLearning\finalSpecs\dbpedia-gutendata-texts/spec.xml	TargetProperty	http://purl.org/dc/elements/1.1/subject
E:\Work\Java\TransferLearning\finalSpecs\dbpedia-gutendata-texts/spec.xml	TargetProperty	http://purl.org/dc/elements/1.1/title
E:\Work\Java\TransferLearning\finalSpecs\dbpedia-gutendata-texts/spec.xml	TargetProperty	http://www.w3.org/1999/02/22-rdf-syntax-ns#type
E:\Work\Java\TransferLearning\finalSpecs\dbpedia-gutendata-texts/spec.xml	TargetProperty	http://purl.org/dc/terms/created
E:\Work\Java\TransferLearning\finalSpecs\dbpedia-gutendata-texts/spec.xml	TargetProperty	http://www.w3.org/2000/01/rdf-schema#label
E:\Work\Java\TransferLearning\finalSpecs\dbpedia-gutendata-texts/spec.xml	TargetProperty	http://purl.org/dc/elements/1.1/language
E:\Work\Java\TransferLearning\finalSpecs\dbpedia-gutendata-texts/spec.xml	TargetProperty	http://purl.org/dc/terms/alternative
E:\Work\Java\TransferLearning\finalSpecs\dbpedia-gutendata-texts/spec.xml	TargetProperty	http://purl.org/dc/elements/1.1/creator
E:\Work\Java\TransferLearning\finalSpecs\dbpedia-gutendata-texts/spec.xml	TargetProperty	http://purl.org/dc/terms/version
E:\Work\Java\TransferLearning\finalSpecs\dbpedia-datagovUK-city/spec.xml	SourceProperty	http://dbpedia.org/property/mapsize
E:\Work\Java\TransferLearning\finalSpecs\dbpedia-datagovUK-city/spec.xml	SourceProperty	http://dbpedia.org/property/augLowC
E:\Work\Java\TransferLearning\finalSpecs\dbpedia-datagovUK-city/spec.xml	SourceProperty	http://dbpedia.org/property/novRecordHighC
E:\Work\Java\TransferLearning\finalSpecs\dbpedia-datagovUK-city/spec.xml	SourceProperty	http://dbpedia.org/property/utcOffset
E:\Work\Java\TransferLearning\finalSpecs\dbpedia-datagovUK-city/spec.xml	SourceProperty	http://dbpedia.org/resource/Template:Weather_box
E:\Work\Java\TransferLearning\finalSpecs\dbpedia-datagovUK-city/spec.xml	SourceProperty	http://dbpedia.org/property/janLowC
E:\Work\Java\TransferLearning\finalSpecs\dbpedia-datagovUK-city/spec.xml	SourceProperty	http://dbpedia.org/property/sepSun
E:\Work\Java\TransferLearning\finalSpecs\dbpedia-datagovUK-city/spec.xml	SourceProperty	http://xmlns.com/foaf/0.1/page
E:\Work\Java\TransferLearning\finalSpecs\dbpedia-datagovUK-city/spec.xml	SourceProperty	http://dbpedia.org/property/settlementType
E:\Work\Java\TransferLearning\finalSpecs\dbpedia-datagovUK-city/spec.xml	SourceProperty	http://dbpedia.org/property/decRecordLowC
E:\Work\Java\TransferLearning\finalSpecs\dbpedia-datagovUK-city/spec.xml	SourceProperty	http://dbpedia.org/property/febLowC
E:\Work\Java\TransferLearning\finalSpecs\dbpedia-datagovUK-city/spec.xml	SourceProperty	http://dbpedia.org/property/novPrecipitationMm
E:\Work\Java\TransferLearning\finalSpecs\dbpedia-datagovUK-city/spec.xml	SourceProperty	http://dbpedia.org/property/octHighC
E:\Work\Java\TransferLearning\finalSpecs\dbpedia-datagovUK-city/spec.xml	SourceProperty	http://dbpedia.org/property/wikiPageUsesTemplate
E:\Work\Java\TransferLearning\finalSpecs\dbpedia-datagovUK-city/spec.xml	SourceProperty	http://dbpedia.org/property/blankName
E:\Work\Java\TransferLearning\finalSpecs\dbpedia-datagovUK-city/spec.xml	SourceProperty	http://dbpedia.org/ontology/utcOffset
E:\Work\Java\TransferLearning\finalSpecs\dbpedia-datagovUK-city/spec.xml	SourceProperty	http://dbpedia.org/ontology/type
E:\Work\Java\TransferLearning\finalSpecs\dbpedia-datagovUK-city/spec.xml	SourceProperty	http://dbpedia.org/property/febRecordLowC
E:\Work\Java\TransferLearning\finalSpecs\dbpedia-datagovUK-city/spec.xml	SourceProperty	http://dbpedia.org/property/location
E:\Work\Java\TransferLearning\finalSpecs\dbpedia-datagovUK-city/spec.xml	SourceProperty	http://dbpedia.org/property/augPrecipitationDays
E:\Work\Java\TransferLearning\finalSpecs\dbpedia-datagovUK-city/spec.xml	SourceProperty	http://dbpedia.org/property/longew
E:\Work\Java\TransferLearning\finalSpecs\dbpedia-datagovUK-city/spec.xml	SourceProperty	http://dbpedia.org/property/sepRecordLowC
E:\Work\Java\TransferLearning\finalSpecs\dbpedia-datagovUK-city/spec.xml	SourceProperty	http://dbpedia.org/ontology/postalCode
E:\Work\Java\TransferLearning\finalSpecs\dbpedia-datagovUK-city/spec.xml	SourceProperty	http://dbpedia.org/property/octPrecipitationMm
E:\Work\Java\TransferLearning\finalSpecs\dbpedia-datagovUK-city/spec.xml	SourceProperty	http://dbpedia.org/property/marHighC
E:\Work\Java\TransferLearning\finalSpecs\dbpedia-datagovUK-city/spec.xml	SourceProperty	http://dbpedia.org/property/longd
E:\Work\Java\TransferLearning\finalSpecs\dbpedia-datagovUK-city/spec.xml	SourceProperty	http://dbpedia.org/ontology/isPartOf
E:\Work\Java\TransferLearning\finalSpecs\dbpedia-datagovUK-city/spec.xml	SourceProperty	http://dbpedia.org/ontology/timeZone
E:\Work\Java\TransferLearning\finalSpecs\dbpedia-datagovUK-city/spec.xml	SourceProperty	http://dbpedia.org/property/junRecordLowC
E:\Work\Java\TransferLearning\finalSpecs\dbpedia-datagovUK-city/spec.xml	SourceProperty	http://dbpedia.org/property/populationBlank
E:\Work\Java\TransferLearning\finalSpecs\dbpedia-datagovUK-city/spec.xml	SourceProperty	http://dbpedia.org/property/sepHighC
E:\Work\Java\TransferLearning\finalSpecs\dbpedia-datagovUK-city/spec.xml	SourceProperty	http://dbpedia.org/property/longm
E:\Work\Java\TransferLearning\finalSpecs\dbpedia-datagovUK-city/spec.xml	SourceProperty	http://dbpedia.org/property/establishedDate
E:\Work\Java\TransferLearning\finalSpecs\dbpedia-datagovUK-city/spec.xml	SourceProperty	http://dbpedia.org/ontology/country
E:\Work\Java\TransferLearning\finalSpecs\dbpedia-datagovUK-city/spec.xml	SourceProperty	http://dbpedia.org/property/octPrecipitationDays
E:\Work\Java\TransferLearning\finalSpecs\dbpedia-datagovUK-city/spec.xml	SourceProperty	http://dbpedia.org/property/novHighC
E:\Work\Java\TransferLearning\finalSpecs\dbpedia-datagovUK-city/spec.xml	SourceProperty	http://dbpedia.org/property/aprRecordLowC
E:\Work\Java\TransferLearning\finalSpecs\dbpedia-datagovUK-city/spec.xml	SourceProperty	http://dbpedia.org/property/octSun
E:\Work\Java\TransferLearning\finalSpecs\dbpedia-datagovUK-city/spec.xml	SourceProperty	http://dbpedia.org/property/mayRecordLowC
E:\Work\Java\TransferLearning\finalSpecs\dbpedia-datagovUK-city/spec.xml	SourceProperty	http://dbpedia.org/property/postalCodeType
E:\Work\Java\TransferLearning\finalSpecs\dbpedia-datagovUK-city/spec.xml	SourceProperty	http://dbpedia.org/property/mapCaption
E:\Work\Java\TransferLearning\finalSpecs\dbpedia-datagovUK-city/spec.xml	SourceProperty	http://dbpedia.org/property/blankEmblemType
E:\Work\Java\TransferLearning\finalSpecs\dbpedia-datagovUK-city/spec.xml	SourceProperty	http://dbpedia.org/property/marRecordLowC
E:\Work\Java\TransferLearning\finalSpecs\dbpedia-datagovUK-city/spec.xml	SourceProperty	http://dbpedia.org/property/governmentType
E:\Work\Java\TransferLearning\finalSpecs\dbpedia-datagovUK-city/spec.xml	SourceProperty	http://dbpedia.org/property/febPrecipitationDays
E:\Work\Java\TransferLearning\finalSpecs\dbpedia-datagovUK-city/spec.xml	SourceProperty	http://www.w3.org/2002/07/owl#sameAs
E:\Work\Java\TransferLearning\finalSpecs\dbpedia-datagovUK-city/spec.xml	SourceProperty	http://dbpedia.org/ontology/motto
E:\Work\Java\TransferLearning\finalSpecs\dbpedia-datagovUK-city/spec.xml	SourceProperty	http://dbpedia.org/property/imageSkyline
E:\Work\Java\TransferLearning\finalSpecs\dbpedia-datagovUK-city/spec.xml	SourceProperty	http://dbpedia.org/property/aprHighC
E:\Work\Java\TransferLearning\finalSpecs\dbpedia-datagovUK-city/spec.xml	SourceProperty	http://dbpedia.org/property/yearRecordLowC
E:\Work\Java\TransferLearning\finalSpecs\dbpedia-datagovUK-city/spec.xml	SourceProperty	http://dbpedia.org/property/janSun
E:\Work\Java\TransferLearning\finalSpecs\dbpedia-datagovUK-city/spec.xml	SourceProperty	http://dbpedia.org/property/date
E:\Work\Java\TransferLearning\finalSpecs\dbpedia-datagovUK-city/spec.xml	SourceProperty	http://dbpedia.org/property/nickname
E:\Work\Java\TransferLearning\finalSpecs\dbpedia-datagovUK-city/spec.xml	SourceProperty	http://dbpedia.org/property/junSun
E:\Work\Java\TransferLearning\finalSpecs\dbpedia-datagovUK-city/spec.xml	SourceProperty	http://dbpedia.org/property/leaderTitle
E:\Work\Java\TransferLearning\finalSpecs\dbpedia-datagovUK-city/spec.xml	SourceProperty	http://dbpedia.org/ontology/populationDensity
E:\Work\Java\TransferLearning\finalSpecs\dbpedia-datagovUK-city/spec.xml	SourceProperty	http://dbpedia.org/property/coordinatesRegion
E:\Work\Java\TransferLearning\finalSpecs\dbpedia-datagovUK-city/spec.xml	SourceProperty	http://dbpedia.org/property/blank3Info
E:\Work\Java\TransferLearning\finalSpecs\dbpedia-datagovUK-city/spec.xml	SourceProperty	http://dbpedia.org/ontology/thumbnail
E:\Work\Java\TransferLearning\finalSpecs\dbpedia-datagovUK-city/spec.xml	SourceProperty	http://www.w3.org/2000/01/rdf-schema#comment
E:\Work\Java\TransferLearning\finalSpecs\dbpedia-datagovUK-city/spec.xml	SourceProperty	http://dbpedia.org/property/decPrecipitationDays
E:\Work\Java\TransferLearning\finalSpecs\dbpedia-datagovUK-city/spec.xml	SourceProperty	http://dbpedia.org/property/decHighC
E:\Work\Java\TransferLearning\finalSpecs\dbpedia-datagovUK-city/spec.xml	SourceProperty	http://dbpedia.org/property/junLowC
E:\Work\Java\TransferLearning\finalSpecs\dbpedia-datagovUK-city/spec.xml	SourceProperty	http://dbpedia.org/ontology/wikiPageExternalLink
E:\Work\Java\TransferLearning\finalSpecs\dbpedia-datagovUK-city/spec.xml	SourceProperty	http://dbpedia.org/property/postalCode
E:\Work\Java\TransferLearning\finalSpecs\dbpedia-datagovUK-city/spec.xml	SourceProperty	http://dbpedia.org/property/metricFirst
E:\Work\Java\TransferLearning\finalSpecs\dbpedia-datagovUK-city/spec.xml	SourceProperty	http://dbpedia.org/property/imageMap
E:\Work\Java\TransferLearning\finalSpecs\dbpedia-datagovUK-city/spec.xml	SourceProperty	http://dbpedia.org/property/junPrecipitationDays
E:\Work\Java\TransferLearning\finalSpecs\dbpedia-datagovUK-city/spec.xml	SourceProperty	http://dbpedia.org/property/hasPhotoCollection
E:\Work\Java\TransferLearning\finalSpecs\dbpedia-datagovUK-city/spec.xml	SourceProperty	http://dbpedia.org/property/website
E:\Work\Java\TransferLearning\finalSpecs\dbpedia-datagovUK-city/spec.xml	SourceProperty	http://dbpedia.org/ontology/areaCode
E:\Work\Java\TransferLearning\finalSpecs\dbpedia-datagovUK-city/spec.xml	SourceProperty	http://dbpedia.org/property/augRecordLowC
E:\Work\Java\TransferLearning\finalSpecs\dbpedia-datagovUK-city/spec.xml	SourceProperty	http://dbpedia.org/property/subdivisionType
E:\Work\Java\TransferLearning\finalSpecs\dbpedia-datagovUK-city/spec.xml	SourceProperty	http://dbpedia.org/ontology/PopulatedPlace/areaTotal
E:\Work\Java\TransferLearning\finalSpecs\dbpedia-datagovUK-city/spec.xml	SourceProperty	http://dbpedia.org/property/octRecordHighC
E:\Work\Java\TransferLearning\finalSpecs\dbpedia-datagovUK-city/spec.xml	SourceProperty	http://dbpedia.org/property/aprPrecipitationMm
E:\Work\Java\TransferLearning\finalSpecs\dbpedia-datagovUK-city/spec.xml	SourceProperty	http://www.georss.org/georss/point
E:\Work\Java\TransferLearning\finalSpecs\dbpedia-datagovUK-city/spec.xml	SourceProperty	http://dbpedia.org/property/marPrecipitationDays
E:\Work\Java\TransferLearning\finalSpecs\dbpedia-datagovUK-city/spec.xml	SourceProperty	http://dbpedia.org/property/singleLine
E:\Work\Java\TransferLearning\finalSpecs\dbpedia-datagovUK-city/spec.xml	SourceProperty	http://dbpedia.org/property/areaCode
E:\Work\Java\TransferLearning\finalSpecs\dbpedia-datagovUK-city/spec.xml	SourceProperty	http://dbpedia.org/property/yearHighC
E:\Work\Java\TransferLearning\finalSpecs\dbpedia-datagovUK-city/spec.xml	SourceProperty	http://dbpedia.org/property/febHighC
E:\Work\Java\TransferLearning\finalSpecs\dbpedia-datagovUK-city/spec.xml	SourceProperty	http://dbpedia.org/property/novPrecipitationDays
E:\Work\Java\TransferLearning\finalSpecs\dbpedia-datagovUK-city/spec.xml	SourceProperty	http://dbpedia.org/property/aprLowC
E:\Work\Java\TransferLearning\finalSpecs\dbpedia-datagovUK-city/spec.xml	SourceProperty	http://dbpedia.org/property/yearLowC
E:\Work\Java\TransferLearning\finalSpecs\dbpedia-datagovUK-city/spec.xml	SourceProperty	http://dbpedia.org/property/source
E:\Work\Java\TransferLearning\finalSpecs\dbpedia-datagovUK-city/spec.xml	SourceProperty	http://xmlns.com/foaf/0.1/depiction
E:\Work\Java\TransferLearning\finalSpecs\dbpedia-datagovUK-city/spec.xml	SourceProperty	http://dbpedia.org/property/latm
E:\Work\Java\TransferLearning\finalSpecs\dbpedia-datagovUK-city/spec.xml	SourceProperty	http://dbpedia.org/property/decPrecipitationMm
E:\Work\Java\TransferLearning\finalSpecs\dbpedia-datagovUK-city/spec.xml	SourceProperty	http://www.w3.org/2000/01/rdf-schema#label
E:\Work\Java\TransferLearning\finalSpecs\dbpedia-datagovUK-city/spec.xml	SourceProperty	http://dbpedia.org/property/decLowC
E:\Work\Java\TransferLearning\finalSpecs\dbpedia-datagovUK-city/spec.xml	SourceProperty	http://dbpedia.org/property/imageCaption
E:\Work\Java\TransferLearning\finalSpecs\dbpedia-datagovUK-city/spec.xml	SourceProperty	http://dbpedia.org/property/marSun
E:\Work\Java\TransferLearning\finalSpecs\dbpedia-datagovUK-city/spec.xml	SourceProperty	http://dbpedia.org/property/blank3Name
E:\Work\Java\TransferLearning\finalSpecs\dbpedia-datagovUK-city/spec.xml	SourceProperty	http://dbpedia.org/property/junHighC
E:\Work\Java\TransferLearning\finalSpecs\dbpedia-datagovUK-city/spec.xml	SourceProperty	http://dbpedia.org/property/julRecordHighC
E:\Work\Java\TransferLearning\finalSpecs\dbpedia-datagovUK-city/spec.xml	SourceProperty	http://dbpedia.org/property/elevationFt
E:\Work\Java\TransferLearning\finalSpecs\dbpedia-datagovUK-city/spec.xml	SourceProperty	http://dbpedia.org/property/julLowC
E:\Work\Java\TransferLearning\finalSpecs\dbpedia-datagovUK-city/spec.xml	SourceProperty	http://xmlns.com/foaf/0.1/homepage
E:\Work\Java\TransferLearning\finalSpecs\dbpedia-datagovUK-city/spec.xml	SourceProperty	http://dbpedia.org/property/leaderName
E:\Work\Java\TransferLearning\finalSpecs\dbpedia-datagovUK-city/spec.xml	SourceProperty	http://dbpedia.org/property/marLowC
E:\Work\Java\TransferLearning\finalSpecs\dbpedia-datagovUK-city/spec.xml	SourceProperty	http://dbpedia.org/property/blankInfo
E:\Work\Java\TransferLearning\finalSpecs\dbpedia-datagovUK-city/spec.xml	SourceProperty	http://dbpedia.org/ontology/abstract
E:\Work\Java\TransferLearning\finalSpecs\dbpedia-datagovUK-city/spec.xml	SourceProperty	http://dbpedia.org/property/febRecordHighC
E:\Work\Java\TransferLearning\finalSpecs\dbpedia-datagovUK-city/spec.xml	SourceProperty	http://dbpedia.org/property/imageBlankEmblem
E:\Work\Java\TransferLearning\finalSpecs\dbpedia-datagovUK-city/spec.xml	SourceProperty	http://dbpedia.org/property/populationBlank1Title
E:\Work\Java\TransferLearning\finalSpecs\dbpedia-datagovUK-city/spec.xml	SourceProperty	http://dbpedia.org/property/novLowC
E:\Work\Java\TransferLearning\finalSpecs\dbpedia-datagovUK-city/spec.xml	SourceProperty	http://dbpedia.org/property/mayPrecipitationDays
E:\Work\Java\TransferLearning\finalSpecs\dbpedia-datagovUK-city/spec.xml	SourceProperty	http://dbpedia.org/property/janRecordLowC
E:\Work\Java\TransferLearning\finalSpecs\dbpedia-datagovUK-city/spec.xml	SourceProperty	http://dbpedia.org/property/aprSun
E:\Work\Java\TransferLearning\finalSpecs\dbpedia-datagovUK-city/spec.xml	SourceProperty	http://dbpedia.org/property/sepPrecipitationMm
E:\Work\Java\TransferLearning\finalSpecs\dbpedia-datagovUK-city/spec.xml	SourceProperty	http://dbpedia.org/property/establishedTitle
E:\Work\Java\TransferLearning\finalSpecs\dbpedia-datagovUK-city/spec.xml	SourceProperty	http://xmlns.com/foaf/0.1/name
E:\Work\Java\TransferLearning\finalSpecs\dbpedia-datagovUK-city/spec.xml	SourceProperty	http://dbpedia.org/ontology/PopulatedPlace/populationDensity
E:\Work\Java\TransferLearning\finalSpecs\dbpedia-datagovUK-city/spec.xml	SourceProperty	http://dbpedia.org/property/latns
E:\Work\Java\TransferLearning\finalSpecs\dbpedia-datagovUK-city/spec.xml	SourceProperty	http://dbpedia.org/property/subdivisionName
E:\Work\Java\TransferLearning\finalSpecs\dbpedia-datagovUK-city/spec.xml	SourceProperty	http://dbpedia.org/property/timezone
E:\Work\Java\TransferLearning\finalSpecs\dbpedia-datagovUK-city/spec.xml	SourceProperty	http://dbpedia.org/property/maySun
E:\Work\Java\TransferLearning\finalSpecs\dbpedia-datagovUK-city/spec.xml	SourceProperty	http://dbpedia.org/property/augRecordHighC
E:\Work\Java\TransferLearning\finalSpecs\dbpedia-datagovUK-city/spec.xml	SourceProperty	http://dbpedia.org/property/latd
E:\Work\Java\TransferLearning\finalSpecs\dbpedia-datagovUK-city/spec.xml	SourceProperty	http://dbpedia.org/property/areaTotalKm
E:\Work\Java\TransferLearning\finalSpecs\dbpedia-datagovUK-city/spec.xml	SourceProperty	http://dbpedia.org/property/octRecordLowC
E:\Work\Java\TransferLearning\finalSpecs\dbpedia-datagovUK-city/spec.xml	SourceProperty	http://dbpedia.org/property/janRecordHighC
E:\Work\Java\TransferLearning\finalSpecs\dbpedia-datagovUK-city/spec.xml	SourceProperty	http://dbpedia.org/property/marPrecipitationMm
E:\Work\Java\TransferLearning\finalSpecs\dbpedia-datagovUK-city/spec.xml	SourceProperty	http://dbpedia.org/property/febSun
E:\Work\Java\TransferLearning\finalSpecs\dbpedia-datagovUK-city/spec.xml	SourceProperty	http://dbpedia.org/ontology/elevation
E:\Work\Java\TransferLearning\finalSpecs\dbpedia-datagovUK-city/spec.xml	SourceProperty	http://dbpedia.org/property/aprRecordHighC
E:\Work\Java\TransferLearning\finalSpecs\dbpedia-datagovUK-city/spec.xml	SourceProperty	http://dbpedia.org/property/blank2Name
E:\Work\Java\TransferLearning\finalSpecs\dbpedia-datagovUK-city/spec.xml	SourceProperty	http://dbpedia.org/property/marRecordHighC
E:\Work\Java\TransferLearning\finalSpecs\dbpedia-datagovUK-city/spec.xml	SourceProperty	http://dbpedia.org/ontology/governmentType
E:\Work\Java\TransferLearning\finalSpecs\dbpedia-datagovUK-city/spec.xml	SourceProperty	http://www.w3.org/2003/01/geo/wgs84_pos#lat
E:\Work\Java\TransferLearning\finalSpecs\dbpedia-datagovUK-city/spec.xml	SourceProperty	http://dbpedia.org/property/blank1Info
E:\Work\Java\TransferLearning\finalSpecs\dbpedia-datagovUK-city/spec.xml	SourceProperty	http://dbpedia.org/property/julHighC
E:\Work\Java\TransferLearning\finalSpecs\dbpedia-datagovUK-city/spec.xml	SourceProperty	http://dbpedia.org/property/julSun
E:\Work\Java\TransferLearning\finalSpecs\dbpedia-datagovUK-city/spec.xml	SourceProperty	http://dbpedia.org/property/junPrecipitationMm
E:\Work\Java\TransferLearning\finalSpecs\dbpedia-datagovUK-city/spec.xml	SourceProperty	http://dbpedia.org/property/mayLowC
E:\Work\Java\TransferLearning\finalSpecs\dbpedia-datagovUK-city/spec.xml	SourceProperty	http://dbpedia.org/property/janPrecipitationMm
E:\Work\Java\TransferLearning\finalSpecs\dbpedia-datagovUK-city/spec.xml	SourceProperty	http://dbpedia.org/property/populationDensityKm
E:\Work\Java\TransferLearning\finalSpecs\dbpedia-datagovUK-city/spec.xml	SourceProperty	http://dbpedia.org/ontology/leaderName
E:\Work\Java\TransferLearning\finalSpecs\dbpedia-datagovUK-city/spec.xml	SourceProperty	http://dbpedia.org/property/augPrecipitationMm
E:\Work\Java\TransferLearning\finalSpecs\dbpedia-datagovUK-city/spec.xml	SourceProperty	http://dbpedia.org/property/octLowC
E:\Work\Java\TransferLearning\finalSpecs\dbpedia-datagovUK-city/spec.xml	SourceProperty	http://dbpedia.org/property/sepRecordHighC
E:\Work\Java\TransferLearning\finalSpecs\dbpedia-datagovUK-city/spec.xml	SourceProperty	http://dbpedia.org/property/augSun
E:\Work\Java\TransferLearning\finalSpecs\dbpedia-datagovUK-city/spec.xml	SourceProperty	http://purl.org/dc/terms/subject
E:\Work\Java\TransferLearning\finalSpecs\dbpedia-datagovUK-city/spec.xml	SourceProperty	http://dbpedia.org/property/augHighC
E:\Work\Java\TransferLearning\finalSpecs\dbpedia-datagovUK-city/spec.xml	SourceProperty	http://dbpedia.org/property/blank1Name
E:\Work\Java\TransferLearning\finalSpecs\dbpedia-datagovUK-city/spec.xml	SourceProperty	http://dbpedia.org/property/novSun
E:\Work\Java\TransferLearning\finalSpecs\dbpedia-datagovUK-city/spec.xml	SourceProperty	http://dbpedia.org/ontology/leaderTitle
E:\Work\Java\TransferLearning\finalSpecs\dbpedia-datagovUK-city/spec.xml	SourceProperty	http://dbpedia.org/property/decRecordHighC
E:\Work\Java\TransferLearning\finalSpecs\dbpedia-datagovUK-city/spec.xml	SourceProperty	http://www.w3.org/2003/01/geo/wgs84_pos#long
E:\Work\Java\TransferLearning\finalSpecs\dbpedia-datagovUK-city/spec.xml	SourceProperty	http://dbpedia.org/property/julPrecipitationMm
E:\Work\Java\TransferLearning\finalSpecs\dbpedia-datagovUK-city/spec.xml	SourceProperty	http://www.w3.org/1999/02/22-rdf-syntax-ns#type
E:\Work\Java\TransferLearning\finalSpecs\dbpedia-datagovUK-city/spec.xml	SourceProperty	http://dbpedia.org/property/mayHighC
E:\Work\Java\TransferLearning\finalSpecs\dbpedia-datagovUK-city/spec.xml	SourceProperty	http://dbpedia.org/property/yearPrecipitationMm
E:\Work\Java\TransferLearning\finalSpecs\dbpedia-datagovUK-city/spec.xml	SourceProperty	http://dbpedia.org/property/janPrecipitationDays
E:\Work\Java\TransferLearning\finalSpecs\dbpedia-datagovUK-city/spec.xml	SourceProperty	http://dbpedia.org/property/febPrecipitationMm
E:\Work\Java\TransferLearning\finalSpecs\dbpedia-datagovUK-city/spec.xml	SourceProperty	http://dbpedia.org/property/novRecordLowC
E:\Work\Java\TransferLearning\finalSpecs\dbpedia-datagovUK-city/spec.xml	SourceProperty	http://dbpedia.org/property/utcOffsetDst
E:\Work\Java\TransferLearning\finalSpecs\dbpedia-datagovUK-city/spec.xml	SourceProperty	http://dbpedia.org/resource/Template:Infobox_settlement
E:\Work\Java\TransferLearning\finalSpecs\dbpedia-datagovUK-city/spec.xml	SourceProperty	http://dbpedia.org/property/motto
E:\Work\Java\TransferLearning\finalSpecs\dbpedia-datagovUK-city/spec.xml	SourceProperty	http://xmlns.com/foaf/0.1/nick
E:\Work\Java\TransferLearning\finalSpecs\dbpedia-datagovUK-city/spec.xml	SourceProperty	http://dbpedia.org/property/julPrecipitationDays
E:\Work\Java\TransferLearning\finalSpecs\dbpedia-datagovUK-city/spec.xml	SourceProperty	http://dbpedia.org/property/junRecordHighC
E:\Work\Java\TransferLearning\finalSpecs\dbpedia-datagovUK-city/spec.xml	SourceProperty	http://dbpedia.org/property/decSun
E:\Work\Java\TransferLearning\finalSpecs\dbpedia-datagovUK-city/spec.xml	SourceProperty	http://dbpedia.org/property/timezoneDst
E:\Work\Java\TransferLearning\finalSpecs\dbpedia-datagovUK-city/spec.xml	SourceProperty	http://dbpedia.org/property/janHighC
E:\Work\Java\TransferLearning\finalSpecs\dbpedia-datagovUK-city/spec.xml	SourceProperty	http://dbpedia.org/property/julRecordLowC
E:\Work\Java\TransferLearning\finalSpecs\dbpedia-datagovUK-city/spec.xml	SourceProperty	http://dbpedia.org/property/mayPrecipitationMm
E:\Work\Java\TransferLearning\finalSpecs\dbpedia-datagovUK-city/spec.xml	SourceProperty	http://dbpedia.org/property/yearRecordHighC
E:\Work\Java\TransferLearning\finalSpecs\dbpedia-datagovUK-city/spec.xml	SourceProperty	http://dbpedia.org/property/officialName
E:\Work\Java\TransferLearning\finalSpecs\dbpedia-datagovUK-city/spec.xml	SourceProperty	http://dbpedia.org/property/sepLowC
E:\Work\Java\TransferLearning\finalSpecs\dbpedia-datagovUK-city/spec.xml	SourceProperty	http://dbpedia.org/property/mayRecordHighC
E:\Work\Java\TransferLearning\finalSpecs\dbpedia-datagovUK-city/spec.xml	SourceProperty	http://dbpedia.org/ontology/areaTotal
E:\Work\Java\TransferLearning\finalSpecs\dbpedia-datagovUK-city/spec.xml	TargetProperty	http://www.w3.org/2002/07/owl#sameAs
E:\Work\Java\TransferLearning\finalSpecs\dbpedia-datagovUK-city/spec.xml	TargetProperty	http://statistics.data.gov.uk/def/geography/localEducationBody
E:\Work\Java\TransferLearning\finalSpecs\dbpedia-datagovUK-city/spec.xml	TargetProperty	http://statistics.data.gov.uk/def/administrative-geography/county
E:\Work\Java\TransferLearning\finalSpecs\dbpedia-datagovUK-city/spec.xml	TargetProperty	http://www.w3.org/2000/01/rdf-schema#label
E:\Work\Java\TransferLearning\finalSpecs\dbpedia-datagovUK-city/spec.xml	TargetProperty	http://www.w3.org/2004/02/skos/core#altLabel
E:\Work\Java\TransferLearning\finalSpecs\dbpedia-datagovUK-city/spec.xml	TargetProperty	http://statistics.data.gov.uk/def/geography/localEducationAuthorityArea
E:\Work\Java\TransferLearning\finalSpecs\dbpedia-datagovUK-city/spec.xml	TargetProperty	http://data.ordnancesurvey.co.uk/ontology/spatialrelations/containedBy
E:\Work\Java\TransferLearning\finalSpecs\dbpedia-datagovUK-city/spec.xml	TargetProperty	http://data.ordnancesurvey.co.uk/ontology/spatialrelations/contains
E:\Work\Java\TransferLearning\finalSpecs\dbpedia-datagovUK-city/spec.xml	TargetProperty	http://www.w3.org/1999/02/22-rdf-syntax-ns#type
E:\Work\Java\TransferLearning\finalSpecs\dbpedia-datagovUK-city/spec.xml	TargetProperty	http://statistics.data.gov.uk/def/administrative-geography/country
E:\Work\Java\TransferLearning\finalSpecs\dbpedia-datagovUK-city/spec.xml	TargetProperty	http://www.w3.org/2004/02/skos/core#notation
E:\Work\Java\TransferLearning\finalSpecs\dbpedia-datagovUK-city/spec.xml	TargetProperty	http://statistics.data.gov.uk/def/administrative-geography/region
E:\Work\Java\TransferLearning\finalSpecs\dbpedia-datagovUK-city/spec.xml	TargetProperty	http://statistics.data.gov.uk/def/electoral-geography/ward
E:\Work\Java\TransferLearning\finalSpecs\dbpedia-datagovUK-city/spec.xml	TargetProperty	http://statistics.data.gov.uk/def/geography/localLearningAndSkillsCouncilArea
E:\Work\Java\TransferLearning\finalSpecs\dbpedia-datagovUK-city/spec.xml	TargetProperty	http://www.w3.org/2004/02/skos/core#prefLabel
E:\Work\Java\TransferLearning\finalSpecs\dbpedia-datagovUK-city/spec.xml	TargetProperty	http://statistics.data.gov.uk/def/administrative-geography/localAuthority
E:\Work\Java\TransferLearning\finalSpecs\rkbcrime-dbpedia-constabularies/spec.xml	SourceProperty	http://www.w3.org/1999/02/22-rdf-syntax-ns#type
E:\Work\Java\TransferLearning\finalSpecs\rkbcrime-dbpedia-constabularies/spec.xml	SourceProperty	http://www.w3.org/2000/01/rdf-schema#label
E:\Work\Java\TransferLearning\finalSpecs\rkbcrime-dbpedia-constabularies/spec.xml	TargetProperty	http://www.w3.org/2002/07/owl#sameAs
E:\Work\Java\TransferLearning\finalSpecs\rkbcrime-dbpedia-constabularies/spec.xml	TargetProperty	http://dbpedia.org/property/divname
E:\Work\Java\TransferLearning\finalSpecs\rkbcrime-dbpedia-constabularies/spec.xml	TargetProperty	http://xmlns.com/foaf/0.1/depiction
E:\Work\Java\TransferLearning\finalSpecs\rkbcrime-dbpedia-constabularies/spec.xml	TargetProperty	http://dbpedia.org/ontology/wikiPageExternalLink
E:\Work\Java\TransferLearning\finalSpecs\rkbcrime-dbpedia-constabularies/spec.xml	TargetProperty	http://www.w3.org/2000/01/rdf-schema#label
E:\Work\Java\TransferLearning\finalSpecs\rkbcrime-dbpedia-constabularies/spec.xml	TargetProperty	http://purl.org/dc/terms/subject
E:\Work\Java\TransferLearning\finalSpecs\rkbcrime-dbpedia-constabularies/spec.xml	TargetProperty	http://xmlns.com/foaf/0.1/page
E:\Work\Java\TransferLearning\finalSpecs\rkbcrime-dbpedia-constabularies/spec.xml	TargetProperty	http://dbpedia.org/property/wikiPageUsesTemplate
E:\Work\Java\TransferLearning\finalSpecs\rkbcrime-dbpedia-constabularies/spec.xml	TargetProperty	http://www.w3.org/1999/02/22-rdf-syntax-ns#type
E:\Work\Java\TransferLearning\finalSpecs\rkbcrime-dbpedia-constabularies/spec.xml	TargetProperty	http://dbpedia.org/ontology/thumbnail
E:\Work\Java\TransferLearning\finalSpecs\rkbcrime-dbpedia-constabularies/spec.xml	TargetProperty	http://dbpedia.org/property/wordnet_type
E:\Work\Java\TransferLearning\finalSpecs\rkbcrime-dbpedia-constabularies/spec.xml	TargetProperty	http://xmlns.com/foaf/0.1/homepage
E:\Work\Java\TransferLearning\finalSpecs\rkbcrime-dbpedia-constabularies/spec.xml	TargetProperty	http://www.w3.org/2000/01/rdf-schema#comment
E:\Work\Java\TransferLearning\finalSpecs\rkbcrime-dbpedia-constabularies/spec.xml	TargetProperty	http://dbpedia.org/ontology/abstract
E:\Work\Java\TransferLearning\finalSpecs\rkbcrime-dbpedia-constabularies/spec.xml	TargetProperty	http://dbpedia.org/property/map
